L1007,L1013,L1041,L1057,L1058,L1059,L1060,L1067,L1068,L1079,L1080,L1087,L1092,L1096,L1098,L1100,L1101,L1102,L1103,L1104,L1106,L1108,L1110,L1112,L1113,L1115,L1118,L1119,L1124,L1125,L1126,L1127,L1129,L1130,L1132,L1134,L1135,L1137,L1139,L1140,L1141,L1142,L1143,L1145,L1147,L1148,L1149,L1150,L1151,L1152,L1153,L1154,L1155,L1156,L1159,L1163,L1164,L1165,L1167,L1169,L1170,L1171,L1172,L1173,L1174,L1175,L1176,L1177,L1178,L1179,L1180,L1181,L1182,L1183,L1184,L1186,L1189,L1191,L1192,L1193,L1194,L1195,L1197,L1199,L1200,L1202,L1204,L1205,L1206,L1207,L1209,L1210,L1211,L1213,L1216,L1217,L1219,L1220,L1221,L1223,L1224,L1226,L1228,L1230,L1231,L1233,L1234,L1238,L1239,L1241,L1243,L1244,L1245,L1246,L1248,L1249,L1251,L1252,L1253,L1254,L1255,L1257,L1261,L1262,L1263,L1265,L1267,L1268,L1270,L1273,L1274,L1275,L1277,L1278,L1279,L1281,L1282,L1283,L1284,L1286,L1287,L1290,L1291,L1293,L1295,L1296,L1297,L1299,L1300,L1301,L1303,L1304,L1305,L1306,L1307,L1308,L1311,L1312,L1313,L1314,L1315,L1319,L1321,L1322,L1323,L1324,L1325,L1326,L1327,L1328,L1330,L1332,L1333,L1334,L1336,L1338,L1339,L1340,L1342,L1343,L1344,L1345,L1346,L1347,L1348,L1349,L1350,L1351,L1352,L1354,L1355,L1356,L1357,L1359,L1360,L1361,L1362,L1363,L1364,L1365,L1367,L1368,L1369,L1370,L1371,L1373,L1374,L1376,L1378,L1379,L1380,L1381,L1382,L1383,L1384,L1385,L1388,L1389,L1390,L1391,L1393,L1394,L1395,L1396,L1397,L1398,L1399,L1401,L1402,L1403,L1404,L1405,L1406,L1408,L1409,L1410,L1411,L1416,L1417,L1420,L1421,L1422,L1423,L1424,L1425,L1428,L1429,L1431,L1433,L1434,L1435,L1436,L1438,L1439,L1440,L1444,L1445,L1446,L1449,L1450,L1451,L1455,L1456,L1457,L1458,L1459,L1460,L1461,L1462,L1464,L1465,L1466,L1467,L1469,L1470,L1471,L1473,L1474,L1475,L1477,L1478,L1480,L1481,L1482,L1483,L1484,L1486,L1487,L1489,L1490,L1491,L1493,L1494,L1495,L1496,L1497,L1498,L1499,L1500,
1918,1689,1160,2959,2526,1875,2660,998,1658,2832,2780,3206,3297,2566,2521,2507,2628,4020,2595,3876,3447,2337,2979,3418,3888,4389,3802,2731,2460,3021,2741,2887,3650,2865,3519,3184,2858,2248,2563,4189,3362,2996,2865,2630,2912,2911,3394,2856,3419,2734,2792,2592,2770,2638,2183,2682,2702,4553,3549,4266,2752,2791,3922,2767,2707,2807,2916,2842,2833,3033,2334,2765,3613,3497,4228,2508,2616,2796,3359,2593,2899,3814,3665,3620,4114,3109,2833,3801,2463,2567,2232,4051,2762,2385,2893,2932,2744,3942,3681,3492,3917,2380,2704,3241,2853,3231,2801,2617,2979,2879,3212,3197,2797,4197,2546,3958,4162,3939,2466,2649,2492,3804,2813,2879,2638,3811,2696,2747,3628,2827,3002,3540,2641,3067,2790,3340,3523,2511,2979,3083,2709,2736,2967,2162,3001,2638,2605,3526,4380,3681,3425,2709,2559,2723,3084,3653,3156,4747,2931,3576,2444,2441,2881,2657,3511,2944,3041,3422,2245,2429,2888,2559,2495,2785,2664,2566,2461,4080,2502,2777,3761,3823,2282,2371,3567,2750,3109,3452,2614,3813,2681,3036,3560,2928,2609,3053,2744,4652,2816,2775,2700,2535,2342,2395,4060,3702,2776,3035,4104,2523,3038,2995,2638,2644,2977,2563,2773,2835,2857,4074,3896,2844,3247,2826,3823,4138,2702,2841,2567,3580,3719,2855,3644,4083,2897,2737,2882,3179,3332,2365,2761,3128,3783,2962,3146,2461,3869,2480,3999,2933,2370,3654,3185,2202,2709,2534,2788,2655,2961,2637,2588,3721,2646,2708,2526,3086,2541,2518,2782,3351,2764,3480,2493,2828,2882,3972,4730,2414,3694,3501,3100,3677,2720,2946,2216,3953,3461,2925,2917,3349,4329,2729,3120,3656,2971,2776,2491,4705,2690,
57,0,0,77,95,54,118,0,41,66,74,94,70,58,91,84,52,137,134,0,122,0,0,104,88,110,0,67,0,114,97,94,101,58,105,102,92,0,93,105,106,88,103,116,126,79,0,65,102,88,108,84,77,105,78,64,82,0,121,115,96,99,96,80,54,67,67,80,86,88,0,65,102,84,0,0,92,106,122,72,48,100,128,97,89,85,121,127,66,87,53,182,74,0,71,110,47,105,127,93,109,0,80,87,77,100,73,80,49,70,131,79,99,113,0,0,0,73,0,77,0,100,64,107,98,99,79,72,109,58,70,107,77,102,94,85,96,73,80,104,96,91,76,0,0,121,102,89,0,100,115,71,118,84,128,82,74,0,59,87,89,96,77,113,83,80,103,104,0,119,102,111,55,110,96,77,68,120,0,127,89,114,0,0,136,77,88,88,74,109,55,82,110,105,63,94,94,0,79,77,60,0,0,0,0,64,76,112,0,81,86,86,102,52,71,104,96,73,57,76,96,67,77,108,137,94,71,71,93,81,90,97,123,122,96,60,68,89,125,95,65,56,127,55,104,113,103,0,0,67,90,99,100,0,100,53,47,114,103,85,0,109,90,83,117,117,90,78,71,109,50,119,0,116,65,84,0,94,137,79,84,103,109,63,114,110,107,156,66,99,81,129,109,106,100,76,0,0,70,
12,55,38,16,20,17,24,10,11,20,21,29,28,17,18,11,25,19,20,91,31,57,85,27,18,20,64,24,52,12,20,21,27,10,17,21,22,41,18,21,31,26,15,19,25,26,63,18,24,23,22,16,18,22,26,21,13,105,26,29,15,24,21,20,30,22,19,19,24,25,48,24,18,25,94,53,20,25,21,17,19,19,23,19,20,24,22,23,20,24,20,18,21,55,19,33,27,30,21,21,24,47,19,14,27,21,28,20,15,25,30,20,13,13,50,76,76,19,47,28,58,20,32,21,15,24,23,22,12,24,25,19,24,25,26,19,23,17,21,15,23,19,26,41,71,22,22,25,78,24,14,27,21,25,17,20,20,89,29,24,19,18,20,19,22,30,23,23,51,21,27,22,31,27,18,20,34,18,40,22,25,21,41,46,22,19,36,19,11,25,23,35,30,22,22,25,21,77,14,22,25,55,48,35,93,24,25,24,83,19,19,25,23,25,21,21,16,17,24,22,18,34,18,27,14,20,26,25,18,17,26,31,21,21,21,14,23,18,23,27,18,25,23,25,21,30,28,45,101,22,16,25,25,48,18,19,21,20,24,26,51,17,26,24,18,17,21,29,24,17,34,21,52,26,19,19,90,30,22,27,19,20,29,30,25,14,18,21,28,19,26,19,20,15,24,26,56,91,21,
46,0,0,84,55,62,58,0,36,51,67,78,118,67,62,58,104,127,98,0,102,0,0,99,102,141,0,67,0,87,92,128,97,69,119,88,72,0,92,170,112,85,99,146,82,74,0,78,125,96,83,104,95,82,97,98,88,0,121,127,82,51,104,59,89,93,121,97,82,77,0,66,100,100,0,0,93,101,122,69,87,96,118,113,74,90,107,88,79,90,100,154,78,0,83,80,63,131,112,88,113,0,64,80,87,99,92,79,57,101,108,65,38,109,0,0,0,96,0,99,0,148,58,61,91,107,60,66,101,82,79,137,91,121,83,129,90,52,69,108,105,73,63,0,0,82,58,85,0,93,102,72,108,118,70,98,108,0,102,72,94,104,98,84,94,81,83,96,0,84,126,44,63,115,106,71,82,81,0,111,142,125,0,0,99,89,64,123,55,139,89,61,99,101,60,69,99,0,68,74,94,0,0,0,0,87,73,57,0,103,99,84,90,78,97,91,88,50,55,121,100,89,90,108,100,87,98,76,75,107,89,102,113,84,122,59,79,81,138,120,77,82,120,90,103,100,91,0,0,92,104,108,117,0,73,70,66,85,103,108,0,109,111,94,104,95,94,56,73,99,85,106,0,98,69,91,0,92,106,102,56,95,97,82,111,140,112,76,75,127,115,126,100,115,124,102,0,0,68,
39,0,0,56,83,32,99,0,59,65,70,87,111,60,96,66,89,147,111,0,109,0,0,88,125,92,0,52,0,113,116,88,106,63,115,92,78,0,113,130,92,54,68,111,87,72,0,66,137,101,118,94,101,109,74,86,74,0,119,96,101,87,129,69,72,59,84,85,101,63,0,53,101,104,0,0,108,116,100,74,82,99,123,94,98,74,117,108,62,157,78,139,87,0,63,98,95,125,113,94,100,0,80,130,105,82,94,73,78,65,108,65,76,98,0,0,0,121,0,85,0,100,70,83,115,120,39,45,116,68,89,97,112,131,71,78,100,79,70,160,71,45,74,0,0,71,79,117,0,115,107,68,102,97,136,110,64,0,68,103,111,84,84,100,100,60,87,102,0,105,127,72,71,96,91,87,107,120,0,73,111,117,0,0,86,95,90,108,67,121,83,92,119,102,50,103,114,0,84,55,92,0,0,0,0,69,85,61,0,109,72,83,104,54,80,90,81,62,86,99,104,85,82,106,119,112,87,86,56,95,93,110,90,92,71,58,65,104,113,92,83,88,83,83,122,112,104,0,0,67,72,88,70,0,89,68,76,110,108,79,0,88,99,101,90,107,73,52,62,100,89,114,0,89,68,107,0,96,91,109,68,96,95,58,118,135,94,50,70,100,102,137,93,96,103,100,0,0,81,
32,0,0,62,72,53,101,0,55,52,103,94,123,71,86,135,100,128,116,0,85,0,0,96,89,109,0,76,0,104,100,86,108,63,97,126,75,0,103,146,121,98,65,129,88,62,0,64,88,119,101,116,67,90,81,75,61,0,102,107,62,74,115,77,89,93,92,103,102,70,0,56,135,100,0,0,115,106,91,100,74,105,101,86,93,65,108,114,69,90,96,121,82,0,70,101,73,120,111,109,111,0,83,90,87,92,111,75,67,47,111,94,65,117,0,0,0,132,0,95,0,104,84,97,78,98,55,72,136,69,55,83,77,98,85,89,105,69,67,116,77,99,50,0,0,121,79,95,0,108,73,91,71,117,109,108,74,0,112,123,103,91,125,82,78,68,88,79,0,71,98,85,61,58,125,82,116,98,0,84,119,95,0,0,114,87,80,115,34,100,81,104,117,97,63,61,106,0,89,81,71,0,0,0,0,82,84,71,0,76,65,108,102,46,69,81,113,66,65,100,122,89,86,99,103,88,92,73,60,117,100,94,100,108,73,60,70,70,140,114,58,56,93,80,82,82,109,0,0,55,75,111,58,0,104,41,57,92,60,94,0,105,102,107,85,140,91,87,95,110,65,110,0,100,74,90,0,112,109,113,61,98,106,52,79,145,145,93,65,119,143,148,109,119,97,94,0,0,61,
35,0,0,67,60,49,72,0,51,67,90,114,90,63,105,76,73,96,93,0,142,0,0,100,92,115,0,69,0,87,77,95,136,76,133,105,61,0,96,130,130,83,87,98,108,59,0,87,127,107,90,87,64,91,92,83,84,0,109,86,89,65,71,57,48,58,95,97,77,73,0,47,115,78,0,0,104,85,87,75,62,92,108,90,95,61,122,98,61,97,75,114,72,0,114,64,87,107,98,134,119,0,76,97,74,90,131,46,51,68,120,77,85,96,0,0,0,102,0,87,0,108,65,79,88,106,87,71,122,73,85,86,111,102,66,92,100,76,64,123,98,54,74,0,0,92,94,99,0,115,98,84,144,80,112,93,55,0,65,98,82,80,123,107,113,93,83,154,0,94,118,56,76,98,95,102,120,114,0,98,109,104,0,0,96,63,88,111,26,129,51,62,93,137,58,84,112,0,63,98,68,0,0,0,0,90,60,67,0,95,96,61,122,52,60,87,91,67,80,111,111,101,62,81,117,116,121,66,58,93,101,82,93,102,80,81,65,107,122,113,57,58,95,77,80,103,137,0,0,69,75,126,82,0,118,76,97,82,104,67,0,85,136,111,106,93,63,61,70,101,77,119,0,97,64,102,0,101,118,143,55,99,102,47,62,123,110,62,102,73,102,124,89,115,131,91,0,0,75,
41,0,0,72,43,43,95,0,73,52,61,122,101,75,88,58,57,138,114,0,88,0,0,98,68,94,0,51,0,104,86,111,84,88,97,125,62,0,71,93,115,93,68,100,92,68,0,79,128,109,110,106,52,114,88,87,88,0,125,95,80,79,93,104,75,53,55,82,84,60,0,69,103,106,0,0,100,130,95,89,76,92,114,123,77,61,105,105,87,108,81,149,64,0,113,93,81,101,111,75,110,0,88,115,85,105,105,72,58,51,133,81,59,96,0,0,0,108,0,100,0,151,71,62,79,108,94,74,101,81,65,109,95,89,80,90,75,83,70,102,118,64,54,0,0,101,72,126,0,86,76,64,83,115,98,112,74,0,54,58,89,95,107,95,89,49,76,94,0,66,80,75,65,106,69,65,65,117,0,95,104,128,0,0,113,107,106,124,57,121,86,83,84,123,93,74,75,0,55,62,77,0,0,0,0,103,74,80,0,82,83,69,99,88,81,89,70,65,45,122,92,63,62,81,102,96,85,73,59,89,83,114,103,96,61,78,84,111,121,109,68,94,84,72,95,114,115,0,0,63,87,65,79,0,92,60,68,107,105,74,0,90,118,132,107,133,100,69,105,91,51,91,0,95,69,96,0,103,90,110,75,108,56,50,96,147,91,56,58,111,128,124,95,99,112,75,0,0,74,
44,0,0,70,68,67,104,0,39,71,83,89,97,50,73,98,76,114,109,0,110,0,0,101,87,92,0,60,0,95,95,112,127,80,141,79,57,0,96,128,96,89,57,125,75,78,0,97,167,108,80,84,70,73,93,98,56,0,85,97,81,60,93,67,57,70,70,76,109,78,0,72,98,88,0,0,106,80,94,74,77,104,97,101,72,99,112,104,98,70,64,82,95,0,84,74,80,106,88,98,80,0,72,105,86,107,103,56,69,77,132,71,56,86,0,0,0,94,0,115,0,104,68,89,97,100,54,40,103,93,80,123,96,101,91,102,102,108,53,125,53,54,74,0,0,105,54,104,0,97,99,60,111,86,98,98,74,0,77,95,137,93,89,99,113,77,103,130,0,83,105,56,78,62,99,72,101,102,0,93,120,98,0,0,91,80,61,112,58,99,57,61,109,141,66,63,100,0,71,53,68,0,0,0,0,80,72,75,0,99,81,81,94,57,84,100,82,58,79,74,89,79,56,102,105,125,82,86,65,126,110,106,103,123,87,81,67,116,110,132,60,74,99,80,109,101,102,0,0,68,77,87,71,0,83,37,63,88,112,101,0,98,124,107,64,121,95,69,51,114,65,142,0,81,62,98,0,106,94,114,92,122,79,69,79,103,90,56,81,99,103,95,96,101,84,73,0,0,92,
